hex_id,stat,utci_present,utci_2050,utci_2090
278,typical_day_mean_utci,33.77,38.0,41.25
279,typical_day_mean_utci,33.5,37.73,41.0
241,typical_day_mean_utci,34.0,38.25,41.53
280,typical_day_mean_utci,33.99,38.25,41.55
242,typical_day_mean_utci,34.07,38.33,41.63
281,typical_day_mean_utci,34.18,38.47,41.79
243,typical_day_mean_utci,34.04,38.31,41.6
282,typical_day_mean_utci,34.27,38.57,41.92
244,typical_day_mean_utci,33.89,38.11,41.37
283,typical_day_mean_utci,33.99,38.23,41.51
245,typical_day_mean_utci,33.92,38.15,41.4
284,typical_day_mean_utci,33.89,38.11,41.36
246,typical_day_mean_utci,33.89,38.11,41.36
207,typical_day_mean_utci,33.88,38.1,41.35
285,typical_day_mean_utci,33.87,38.1,41.36
247,typical_day_mean_utci,33.88,38.1,41.35
546,typical_day_mean_utci,34.28,38.59,41.93
585,typical_day_mean_utci,33.86,38.07,41.32
507,typical_day_mean_utci,35.05,39.54,43.08
547,typical_day_mean_utci,34.28,38.58,41.92
586,typical_day_mean_utci,33.84,38.04,41.27
508,typical_day_mean_utci,34.95,39.41,42.92
548,typical_day_mean_utci,34.33,38.64,41.99
509,typical_day_mean_utci,34.66,39.05,42.48
587,typical_day_mean_utci,33.94,38.17,41.43
549,typical_day_mean_utci,34.42,38.76,42.14
390,typical_day_mean_utci,34.46,38.82,42.23
351,typical_day_mean_utci,33.9,38.13,41.39
391,typical_day_mean_utci,33.92,38.15,41.42
352,typical_day_mean_utci,33.88,38.1,41.35
392,typical_day_mean_utci,33.89,38.12,41.37
353,typical_day_mean_utci,33.86,38.08,41.33
315,typical_day_mean_utci,33.9,38.13,41.38
468,typical_day_mean_utci,35.09,39.59,43.14
429,typical_day_mean_utci,34.2,38.48,41.8
469,typical_day_mean_utci,34.98,39.44,42.96
430,typical_day_mean_utci,34.15,38.42,41.72
470,typical_day_mean_utci,35.17,39.69,43.25
431,typical_day_mean_utci,34.24,38.51,41.83
471,typical_day_mean_utci,35.23,39.77,43.36
432,typical_day_mean_utci,34.41,38.69,42.02
472,typical_day_mean_utci,35.18,39.7,43.28
433,typical_day_mean_utci,35.26,39.79,43.38
393,typical_day_mean_utci,33.86,38.07,41.31
354,typical_day_mean_utci,34.07,38.33,41.62
394,typical_day_mean_utci,34.66,39.05,42.48
316,typical_day_mean_utci,34.01,38.26,41.54
355,typical_day_mean_utci,34.13,38.41,41.72
317,typical_day_mean_utci,33.9,38.13,41.39
356,typical_day_mean_utci,34.38,38.71,42.09
318,typical_day_mean_utci,34.03,38.29,41.58
357,typical_day_mean_utci,34.05,38.32,41.62
319,typical_day_mean_utci,34.77,39.2,42.67
588,typical_day_mean_utci,34.3,38.6,41.94
510,typical_day_mean_utci,34.76,39.17,42.62
550,typical_day_mean_utci,34.3,38.61,41.96
511,typical_day_mean_utci,34.88,39.33,42.82
589,typical_day_mean_utci,34.21,38.51,41.85
551,typical_day_mean_utci,34.78,39.21,42.68
512,typical_day_mean_utci,34.81,39.24,42.7
590,typical_day_mean_utci,34.59,38.97,42.39
552,typical_day_mean_utci,34.79,39.21,42.69
513,typical_day_mean_utci,34.89,39.32,42.79
473,typical_day_mean_utci,35.21,39.75,43.34
395,typical_day_mean_utci,34.89,39.33,42.82
434,typical_day_mean_utci,35.18,39.71,43.29
396,typical_day_mean_utci,34.96,39.41,42.9
474,typical_day_mean_utci,35.16,39.7,43.28
435,typical_day_mean_utci,35.21,39.77,43.38
397,typical_day_mean_utci,34.85,39.28,42.75
475,typical_day_mean_utci,35.09,39.58,43.12
436,typical_day_mean_utci,35.12,39.65,43.22
476,typical_day_mean_utci,34.97,39.44,42.96
591,typical_day_mean_utci,34.93,39.4,42.92
553,typical_day_mean_utci,34.99,39.46,42.98
514,typical_day_mean_utci,34.77,39.17,42.61
592,typical_day_mean_utci,34.75,39.18,42.66
554,typical_day_mean_utci,34.97,39.43,42.94
515,typical_day_mean_utci,34.99,39.47,42.99
593,typical_day_mean_utci,34.53,38.94,42.39
555,typical_day_mean_utci,34.79,39.21,42.68
594,typical_day_mean_utci,33.87,38.13,41.42
516,typical_day_mean_utci,34.96,39.42,42.92
398,typical_day_mean_utci,34.47,38.83,42.23
437,typical_day_mean_utci,35.13,39.65,43.22
399,typical_day_mean_utci,34.51,38.88,42.28
477,typical_day_mean_utci,34.74,39.16,42.63
438,typical_day_mean_utci,35.07,39.59,43.15
478,typical_day_mean_utci,35.03,39.53,43.07
400,typical_day_mean_utci,34.72,39.13,42.6
439,typical_day_mean_utci,34.68,39.08,42.53
401,typical_day_mean_utci,35.21,39.74,43.31
479,typical_day_mean_utci,34.06,38.31,41.6
358,typical_day_mean_utci,34.49,38.85,42.24
320,typical_day_mean_utci,34.91,39.37,42.88
359,typical_day_mean_utci,34.87,39.32,42.81
321,typical_day_mean_utci,34.88,39.33,42.82
360,typical_day_mean_utci,35.01,39.5,43.03
322,typical_day_mean_utci,34.6,38.99,42.41
361,typical_day_mean_utci,34.85,39.29,42.77
323,typical_day_mean_utci,34.33,38.65,42.0
362,typical_day_mean_utci,34.88,39.31,42.79
324,typical_day_mean_utci,34.11,38.39,41.71
556,typical_day_mean_utci,34.84,39.27,42.74
517,typical_day_mean_utci,34.93,39.38,42.88
595,typical_day_mean_utci,34.89,39.34,42.83
557,typical_day_mean_utci,35.12,39.61,43.15
518,typical_day_mean_utci,34.69,39.11,42.58
596,typical_day_mean_utci,35.24,39.77,43.36
558,typical_day_mean_utci,35.32,39.9,43.53
519,typical_day_mean_utci,35.23,39.78,43.39
597,typical_day_mean_utci,35.27,39.81,43.4
559,typical_day_mean_utci,35.34,39.94,43.59
169,typical_day_mean_utci,33.89,38.11,41.36
130,typical_day_mean_utci,33.88,38.11,41.36
170,typical_day_mean_utci,33.89,38.11,41.36
131,typical_day_mean_utci,33.89,38.11,41.36
55,typical_day_mean_utci,33.98,38.22,41.49
208,typical_day_mean_utci,33.99,38.24,41.51
286,typical_day_mean_utci,34.09,38.36,41.66
248,typical_day_mean_utci,33.99,38.24,41.52
209,typical_day_mean_utci,33.96,38.2,41.48
287,typical_day_mean_utci,35.19,39.75,43.35
249,typical_day_mean_utci,34.3,38.61,41.95
210,typical_day_mean_utci,34.75,39.19,42.66
288,typical_day_mean_utci,35.31,39.93,43.59
250,typical_day_mean_utci,35.27,39.88,43.54
211,typical_day_mean_utci,35.12,39.68,43.29
171,typical_day_mean_utci,33.88,38.1,41.35
93,typical_day_mean_utci,33.91,38.13,41.39
132,typical_day_mean_utci,33.95,38.19,41.45
172,typical_day_mean_utci,34.17,38.45,41.77
94,typical_day_mean_utci,33.86,38.07,41.3
133,typical_day_mean_utci,34.01,38.25,41.53
95,typical_day_mean_utci,33.98,38.22,41.49
173,typical_day_mean_utci,35.05,39.57,43.13
134,typical_day_mean_utci,33.98,38.21,41.49
174,typical_day_mean_utci,35.15,39.74,43.37
289,typical_day_mean_utci,35.28,39.92,43.61
251,typical_day_mean_utci,35.3,39.99,43.74
212,typical_day_mean_utci,35.3,39.97,43.68
290,typical_day_mean_utci,35.21,39.8,43.44
252,typical_day_mean_utci,35.29,39.96,43.68
213,typical_day_mean_utci,35.29,39.99,43.73
291,typical_day_mean_utci,35.27,39.94,43.65
253,typical_day_mean_utci,35.31,39.96,43.65
214,typical_day_mean_utci,35.27,39.86,43.49
292,typical_day_mean_utci,35.29,39.98,43.72
56,typical_day_mean_utci,33.88,38.1,41.35
96,typical_day_mean_utci,33.96,38.2,41.47
57,typical_day_mean_utci,33.89,38.11,41.36
19,typical_day_mean_utci,33.9,38.12,41.38
97,typical_day_mean_utci,34.01,38.25,41.54
58,typical_day_mean_utci,33.72,37.88,41.08
20,typical_day_mean_utci,33.9,38.13,41.38
98,typical_day_mean_utci,34.23,38.52,41.85
59,typical_day_mean_utci,33.64,37.77,40.94
135,typical_day_mean_utci,34.1,38.33,41.59
175,typical_day_mean_utci,35.31,39.93,43.59
136,typical_day_mean_utci,35.04,39.53,43.07
176,typical_day_mean_utci,35.12,39.62,43.16
137,typical_day_mean_utci,34.61,38.99,42.42
215,typical_day_mean_utci,34.56,38.92,42.33
177,typical_day_mean_utci,34.66,39.05,42.48
216,typical_day_mean_utci,34.84,39.27,42.74
138,typical_day_mean_utci,34.57,38.95,42.37
178,typical_day_mean_utci,34.83,39.25,42.72
254,typical_day_mean_utci,35.03,39.5,43.01
293,typical_day_mean_utci,34.35,38.69,42.06
255,typical_day_mean_utci,34.38,38.74,42.14
294,typical_day_mean_utci,34.49,38.88,42.32
256,typical_day_mean_utci,34.58,38.97,42.4
295,typical_day_mean_utci,35.1,39.6,43.14
257,typical_day_mean_utci,35.01,39.46,42.95
296,typical_day_mean_utci,35.01,39.47,42.99
258,typical_day_mean_utci,34.94,39.38,42.87
297,typical_day_mean_utci,35.06,39.55,43.1
99,typical_day_mean_utci,34.03,38.29,41.58
21,typical_day_mean_utci,33.75,37.95,41.18
60,typical_day_mean_utci,33.59,37.7,40.85
22,typical_day_mean_utci,33.54,37.66,40.82
100,typical_day_mean_utci,34.14,38.42,41.75
61,typical_day_mean_utci,33.5,37.59,40.71
23,typical_day_mean_utci,33.29,37.45,40.64
101,typical_day_mean_utci,34.46,38.83,42.23
62,typical_day_mean_utci,34.52,38.86,42.24
24,typical_day_mean_utci,33.82,38.12,41.47
139,typical_day_mean_utci,34.9,39.37,42.89
217,typical_day_mean_utci,34.67,39.05,42.48
179,typical_day_mean_utci,35.16,39.68,43.26
140,typical_day_mean_utci,35.19,39.74,43.35
218,typical_day_mean_utci,34.89,39.34,42.84
180,typical_day_mean_utci,35.07,39.57,43.12
219,typical_day_mean_utci,35.13,39.6,43.13
141,typical_day_mean_utci,34.9,39.38,42.91
181,typical_day_mean_utci,34.53,38.89,42.28
142,typical_day_mean_utci,34.2,38.49,41.82
440,typical_day_mean_utci,34.68,39.07,42.49
402,typical_day_mean_utci,34.93,39.38,42.88
480,typical_day_mean_utci,34.15,38.43,41.74
441,typical_day_mean_utci,34.83,39.23,42.67
403,typical_day_mean_utci,33.82,38.0,41.21
481,typical_day_mean_utci,35.32,39.93,43.59
442,typical_day_mean_utci,34.63,38.99,42.39
482,typical_day_mean_utci,35.38,40.05,43.77
404,typical_day_mean_utci,34.71,39.1,42.54
443,typical_day_mean_utci,34.59,38.98,42.41
363,typical_day_mean_utci,34.04,38.31,41.61
325,typical_day_mean_utci,33.7,37.88,41.09
364,typical_day_mean_utci,33.91,38.17,41.46
326,typical_day_mean_utci,34.36,38.68,42.04
365,typical_day_mean_utci,34.37,38.7,42.07
327,typical_day_mean_utci,35.27,39.89,43.55
366,typical_day_mean_utci,34.78,39.18,42.62
328,typical_day_mean_utci,35.37,40.03,43.74
367,typical_day_mean_utci,35.35,39.98,43.65
329,typical_day_mean_utci,35.34,39.98,43.67
598,typical_day_mean_utci,35.22,39.79,43.41
520,typical_day_mean_utci,35.27,39.88,43.53
560,typical_day_mean_utci,35.33,39.94,43.6
599,typical_day_mean_utci,35.31,39.92,43.58
521,typical_day_mean_utci,35.32,39.95,43.64
561,typical_day_mean_utci,35.37,40.03,43.74
600,typical_day_mean_utci,35.35,40.0,43.69
522,typical_day_mean_utci,35.29,39.9,43.57
562,typical_day_mean_utci,35.31,39.96,43.65
523,typical_day_mean_utci,35.17,39.73,43.34
405,typical_day_mean_utci,34.57,38.93,42.33
483,typical_day_mean_utci,35.21,39.77,43.38
444,typical_day_mean_utci,34.92,39.4,42.93
406,typical_day_mean_utci,35.3,39.88,43.51
484,typical_day_mean_utci,34.97,39.49,43.06
445,typical_day_mean_utci,34.78,39.17,42.62
407,typical_day_mean_utci,35.23,39.78,43.38
485,typical_day_mean_utci,34.48,38.82,42.2
446,typical_day_mean_utci,35.16,39.67,43.22
486,typical_day_mean_utci,34.97,39.5,43.07
601,typical_day_mean_utci,35.31,39.94,43.62
563,typical_day_mean_utci,35.25,39.85,43.5
524,typical_day_mean_utci,34.88,39.4,42.96
602,typical_day_mean_utci,35.26,39.92,43.63
564,typical_day_mean_utci,35.28,39.94,43.66
603,typical_day_mean_utci,35.26,39.95,43.69
525,typical_day_mean_utci,35.21,39.84,43.52
565,typical_day_mean_utci,35.26,39.96,43.71
604,typical_day_mean_utci,34.37,38.72,42.11
526,typical_day_mean_utci,34.85,39.28,42.75
368,typical_day_mean_utci,35.33,39.98,43.67
330,typical_day_mean_utci,35.35,40.08,43.86
408,typical_day_mean_utci,35.29,39.88,43.53
369,typical_day_mean_utci,35.34,40.04,43.8
331,typical_day_mean_utci,35.29,40.01,43.78
409,typical_day_mean_utci,35.31,39.95,43.64
370,typical_day_mean_utci,34.57,38.95,42.37
332,typical_day_mean_utci,34.85,39.36,42.92
410,typical_day_mean_utci,35.17,39.81,43.52
371,typical_day_mean_utci,33.75,37.93,41.18
447,typical_day_mean_utci,35.35,39.97,43.64
487,typical_day_mean_utci,35.05,39.54,43.08
448,typical_day_mean_utci,35.27,39.87,43.51
488,typical_day_mean_utci,34.75,39.1,42.5
527,typical_day_mean_utci,34.71,39.06,42.45
449,typical_day_mean_utci,34.97,39.43,42.95
489,typical_day_mean_utci,34.56,38.86,42.22
450,typical_day_mean_utci,35.02,39.52,43.08
528,typical_day_mean_utci,34.74,39.11,42.54
490,typical_day_mean_utci,33.82,37.9,41.03
566,typical_day_mean_utci,34.03,38.28,41.55
605,typical_day_mean_utci,34.17,38.46,41.78
567,typical_day_mean_utci,34.26,38.55,41.88
606,typical_day_mean_utci,33.93,38.15,41.41
568,typical_day_mean_utci,34.72,39.09,42.51
607,typical_day_mean_utci,34.33,38.64,41.98
569,typical_day_mean_utci,34.94,39.44,42.99
608,typical_day_mean_utci,34.8,39.21,42.66
570,typical_day_mean_utci,34.83,39.29,42.8
609,typical_day_mean_utci,35.14,39.78,43.46
333,typical_day_mean_utci,33.85,37.97,41.16
411,typical_day_mean_utci,35.26,39.86,43.51
372,typical_day_mean_utci,34.99,39.46,42.99
412,typical_day_mean_utci,34.91,39.36,42.87
334,typical_day_mean_utci,34.7,39.06,42.48
373,typical_day_mean_utci,33.82,37.97,41.19
413,typical_day_mean_utci,34.53,38.89,42.32
335,typical_day_mean_utci,34.46,38.79,42.16
374,typical_day_mean_utci,34.39,38.7,42.06
414,typical_day_mean_utci,35.04,39.55,43.1
529,typical_day_mean_utci,34.72,39.1,42.54
451,typical_day_mean_utci,34.51,38.87,42.29
491,typical_day_mean_utci,32.45,36.17,38.97
530,typical_day_mean_utci,32.74,36.49,39.29
452,typical_day_mean_utci,34.39,38.69,42.05
492,typical_day_mean_utci,35.12,39.68,43.29
531,typical_day_mean_utci,34.55,38.89,42.29
453,typical_day_mean_utci,35.06,39.6,43.19
493,typical_day_mean_utci,35.28,39.83,43.44
454,typical_day_mean_utci,35.09,39.61,43.17
102,typical_day_mean_utci,35.01,39.52,43.07
63,typical_day_mean_utci,34.91,39.33,42.8
25,typical_day_mean_utci,33.75,37.97,41.23
103,typical_day_mean_utci,34.49,38.85,42.24
64,typical_day_mean_utci,33.99,38.22,41.48
26,typical_day_mean_utci,34.03,38.27,41.56
104,typical_day_mean_utci,33.89,38.11,41.36
65,typical_day_mean_utci,33.88,38.09,41.34
105,typical_day_mean_utci,33.92,38.15,41.42
220,typical_day_mean_utci,34.9,39.34,42.82
182,typical_day_mean_utci,34.67,39.07,42.52
221,typical_day_mean_utci,34.84,39.27,42.76
143,typical_day_mean_utci,34.38,38.71,42.09
183,typical_day_mean_utci,34.52,38.9,42.33
222,typical_day_mean_utci,35.05,39.55,43.09
144,typical_day_mean_utci,34.24,38.54,41.89
184,typical_day_mean_utci,33.99,38.24,41.52
223,typical_day_mean_utci,34.63,39.01,42.43
145,typical_day_mean_utci,33.88,38.1,41.35
259,typical_day_mean_utci,35.19,39.7,43.26
298,typical_day_mean_utci,35.0,39.46,42.96
260,typical_day_mean_utci,35.23,39.76,43.34
299,typical_day_mean_utci,35.28,39.86,43.49
261,typical_day_mean_utci,35.1,39.58,43.11
300,typical_day_mean_utci,35.06,39.56,43.11
262,typical_day_mean_utci,35.18,39.7,43.27
301,typical_day_mean_utci,35.11,39.59,43.11
263,typical_day_mean_utci,35.06,39.56,43.1
302,typical_day_mean_utci,35.1,39.6,43.15
66,typical_day_mean_utci,33.88,38.1,41.34
106,typical_day_mean_utci,33.88,38.09,41.34
185,typical_day_mean_utci,33.91,38.14,41.39
146,typical_day_mean_utci,33.9,38.12,41.38
224,typical_day_mean_utci,34.68,39.08,42.52
186,typical_day_mean_utci,33.9,38.12,41.37
225,typical_day_mean_utci,34.03,38.27,41.55
187,typical_day_mean_utci,33.65,37.86,41.11
226,typical_day_mean_utci,33.91,38.13,41.38
264,typical_day_mean_utci,34.49,38.85,42.25
303,typical_day_mean_utci,34.64,39.04,42.48
265,typical_day_mean_utci,33.88,38.1,41.34
304,typical_day_mean_utci,34.35,38.69,42.06
266,typical_day_mean_utci,33.9,38.12,41.38
305,typical_day_mean_utci,33.98,38.23,41.5
336,typical_day_mean_utci,34.56,38.92,42.32
375,typical_day_mean_utci,34.76,39.15,42.58
337,typical_day_mean_utci,34.57,38.94,42.34
415,typical_day_mean_utci,35.14,39.66,43.23
376,typical_day_mean_utci,34.38,38.68,42.03
338,typical_day_mean_utci,34.68,39.04,42.45
416,typical_day_mean_utci,35.16,39.68,43.26
377,typical_day_mean_utci,35.05,39.55,43.1
417,typical_day_mean_utci,35.05,39.55,43.09
339,typical_day_mean_utci,34.92,39.38,42.9
532,typical_day_mean_utci,34.59,38.92,42.31
494,typical_day_mean_utci,34.8,39.2,42.65
455,typical_day_mean_utci,35.24,39.79,43.39
533,typical_day_mean_utci,34.75,39.19,42.67
495,typical_day_mean_utci,35.1,39.62,43.18
456,typical_day_mean_utci,35.07,39.55,43.08
534,typical_day_mean_utci,34.99,39.48,43.03
496,typical_day_mean_utci,35.17,39.7,43.28
457,typical_day_mean_utci,34.95,39.41,42.92
535,typical_day_mean_utci,34.7,39.09,42.52
571,typical_day_mean_utci,35.06,39.56,43.11
610,typical_day_mean_utci,35.28,39.89,43.55
572,typical_day_mean_utci,34.97,39.46,43.0
611,typical_day_mean_utci,34.95,39.47,43.04
573,typical_day_mean_utci,34.93,39.4,42.92
612,typical_day_mean_utci,34.89,39.35,42.86
574,typical_day_mean_utci,34.83,39.28,42.78
613,typical_day_mean_utci,34.61,38.99,42.42
575,typical_day_mean_utci,34.71,39.11,42.56
614,typical_day_mean_utci,34.27,38.59,41.94
378,typical_day_mean_utci,35.08,39.6,43.17
418,typical_day_mean_utci,34.92,39.38,42.88
340,typical_day_mean_utci,34.96,39.43,42.95
379,typical_day_mean_utci,34.83,39.27,42.76
341,typical_day_mean_utci,35.0,39.47,42.99
419,typical_day_mean_utci,34.34,38.67,42.04
380,typical_day_mean_utci,34.25,38.57,41.92
342,typical_day_mean_utci,34.94,39.4,42.92
420,typical_day_mean_utci,33.85,38.07,41.31
381,typical_day_mean_utci,34.0,38.25,41.53
497,typical_day_mean_utci,35.06,39.57,43.13
536,typical_day_mean_utci,35.07,39.59,43.16
458,typical_day_mean_utci,34.33,38.65,42.02
498,typical_day_mean_utci,34.54,38.91,42.32
537,typical_day_mean_utci,34.64,39.04,42.47
459,typical_day_mean_utci,33.93,38.16,41.42
499,typical_day_mean_utci,34.21,38.52,41.86
538,typical_day_mean_utci,34.52,38.89,42.29
460,typical_day_mean_utci,33.85,38.06,41.3
500,typical_day_mean_utci,33.91,38.13,41.39
576,typical_day_mean_utci,34.35,38.66,42.01
615,typical_day_mean_utci,33.98,38.22,41.49
577,typical_day_mean_utci,34.31,38.61,41.95
616,typical_day_mean_utci,33.99,38.23,41.5
578,typical_day_mean_utci,34.22,38.52,41.85
617,typical_day_mean_utci,34.21,38.5,41.83
579,typical_day_mean_utci,34.47,38.81,42.2
618,typical_day_mean_utci,34.37,38.69,42.05
421,typical_day_mean_utci,33.85,38.06,41.3
343,typical_day_mean_utci,34.43,38.78,42.17
382,typical_day_mean_utci,33.88,38.1,41.34
344,typical_day_mean_utci,34.15,38.43,41.74
422,typical_day_mean_utci,33.84,38.05,41.29
383,typical_day_mean_utci,33.86,38.07,41.31
345,typical_day_mean_utci,33.86,38.07,41.32
539,typical_day_mean_utci,34.09,38.35,41.65
625,typical_day_mean_utci,33.82,38.03,41.27
626,typical_day_mean_utci,33.84,38.05,41.28
627,typical_day_mean_utci,33.86,38.08,41.32
745,typical_day_mean_utci,33.94,38.18,41.44
825,typical_day_mean_utci,33.84,38.05,41.28
666,typical_day_mean_utci,33.9,38.13,41.38
706,typical_day_mean_utci,34.06,38.33,41.63
628,typical_day_mean_utci,34.0,38.24,41.52
667,typical_day_mean_utci,34.26,38.57,41.92
629,typical_day_mean_utci,34.63,39.02,42.45
668,typical_day_mean_utci,34.94,39.41,42.92
630,typical_day_mean_utci,34.85,39.3,42.8
669,typical_day_mean_utci,34.91,39.39,42.91
631,typical_day_mean_utci,34.75,39.19,42.67
707,typical_day_mean_utci,34.13,38.41,41.72
785,typical_day_mean_utci,34.0,38.24,41.52
746,typical_day_mean_utci,34.22,38.52,41.86
708,typical_day_mean_utci,34.63,39.02,42.45
786,typical_day_mean_utci,33.92,38.14,41.4
747,typical_day_mean_utci,34.42,38.77,42.16
709,typical_day_mean_utci,34.71,39.13,42.59
787,typical_day_mean_utci,34.34,38.67,42.03
748,typical_day_mean_utci,34.58,38.98,42.42
710,typical_day_mean_utci,34.67,39.08,42.53
865,typical_day_mean_utci,33.85,38.06,41.29
826,typical_day_mean_utci,34.07,38.33,41.62
866,typical_day_mean_utci,33.85,38.06,41.3
827,typical_day_mean_utci,34.46,38.81,42.19
905,typical_day_mean_utci,33.85,38.06,41.3
867,typical_day_mean_utci,34.01,38.26,41.54
906,typical_day_mean_utci,33.96,38.2,41.47
828,typical_day_mean_utci,34.83,39.27,42.76
788,typical_day_mean_utci,34.8,39.24,42.72
749,typical_day_mean_utci,34.77,39.2,42.67
789,typical_day_mean_utci,34.31,38.63,41.99
711,typical_day_mean_utci,34.88,39.34,42.84
750,typical_day_mean_utci,34.57,38.95,42.37
790,typical_day_mean_utci,34.72,39.14,42.6
712,typical_day_mean_utci,34.51,38.88,42.29
751,typical_day_mean_utci,34.86,39.32,42.82
713,typical_day_mean_utci,34.68,39.09,42.55
791,typical_day_mean_utci,34.82,39.26,42.76
670,typical_day_mean_utci,34.83,39.28,42.78
632,typical_day_mean_utci,34.67,39.08,42.53
671,typical_day_mean_utci,34.21,38.51,41.84
633,typical_day_mean_utci,34.07,38.34,41.64
672,typical_day_mean_utci,34.88,39.34,42.84
634,typical_day_mean_utci,34.4,38.74,42.12
673,typical_day_mean_utci,34.56,38.95,42.37
635,typical_day_mean_utci,34.98,39.46,42.99
674,typical_day_mean_utci,34.92,39.39,42.91
636,typical_day_mean_utci,35.02,39.51,43.05
868,typical_day_mean_utci,34.61,39.0,42.43
829,typical_day_mean_utci,34.48,38.84,42.24
907,typical_day_mean_utci,34.31,38.63,41.99
869,typical_day_mean_utci,34.88,39.33,42.83
830,typical_day_mean_utci,34.6,39.0,42.43
908,typical_day_mean_utci,34.86,39.29,42.78
870,typical_day_mean_utci,34.67,39.07,42.51
831,typical_day_mean_utci,34.91,39.38,42.9
909,typical_day_mean_utci,34.42,38.76,42.14
871,typical_day_mean_utci,34.48,38.84,42.23
945,typical_day_mean_utci,33.92,38.14,41.41
946,typical_day_mean_utci,34.12,38.39,41.69
985,typical_day_mean_utci,33.96,38.2,41.46
947,typical_day_mean_utci,34.35,38.65,42.0
986,typical_day_mean_utci,34.21,38.5,41.82
1025,typical_day_mean_utci,33.97,38.2,41.47
1103,typical_day_mean_utci,33.8,37.99,41.22
1064,typical_day_mean_utci,33.89,38.1,41.35
1181,typical_day_mean_utci,33.8,38.0,41.24
1142,typical_day_mean_utci,34.02,38.27,41.56
1182,typical_day_mean_utci,34.04,38.29,41.58
1143,typical_day_mean_utci,34.78,39.21,42.69
1183,typical_day_mean_utci,34.58,38.95,42.37
752,typical_day_mean_utci,34.92,39.39,42.91
714,typical_day_mean_utci,35.01,39.5,43.03
792,typical_day_mean_utci,34.81,39.25,42.74
753,typical_day_mean_utci,35.07,39.59,43.15
715,typical_day_mean_utci,35.03,39.53,43.08
793,typical_day_mean_utci,34.94,39.42,42.94
754,typical_day_mean_utci,34.98,39.47,43.01
716,typical_day_mean_utci,35.22,39.79,43.41
794,typical_day_mean_utci,34.82,39.25,42.74
755,typical_day_mean_utci,34.84,39.28,42.77
675,typical_day_mean_utci,35.14,39.67,43.25
637,typical_day_mean_utci,34.7,39.12,42.57
676,typical_day_mean_utci,34.99,39.5,43.05
638,typical_day_mean_utci,34.95,39.42,42.93
677,typical_day_mean_utci,34.96,39.44,42.96
639,typical_day_mean_utci,35.13,39.65,43.22
678,typical_day_mean_utci,35.12,39.68,43.27
640,typical_day_mean_utci,35.39,40.02,43.7
679,typical_day_mean_utci,35.22,39.81,43.44
641,typical_day_mean_utci,35.23,39.84,43.49
832,typical_day_mean_utci,33.9,38.07,41.28
910,typical_day_mean_utci,33.86,38.08,41.32
872,typical_day_mean_utci,32.32,36.0,38.72
833,typical_day_mean_utci,34.99,39.49,43.05
911,typical_day_mean_utci,32.86,36.73,39.64
873,typical_day_mean_utci,33.86,38.0,41.19
912,typical_day_mean_utci,33.39,37.42,40.49
834,typical_day_mean_utci,34.58,38.98,42.41
874,typical_day_mean_utci,35.0,39.48,43.02
913,typical_day_mean_utci,34.87,39.33,42.83
717,typical_day_mean_utci,34.95,39.46,43.02
795,typical_day_mean_utci,34.91,39.38,42.9
756,typical_day_mean_utci,35.17,39.76,43.41
718,typical_day_mean_utci,35.32,39.95,43.64
796,typical_day_mean_utci,35.14,39.69,43.3
757,typical_day_mean_utci,35.28,39.89,43.55
719,typical_day_mean_utci,35.25,39.86,43.51
797,typical_day_mean_utci,35.17,39.73,43.34
758,typical_day_mean_utci,35.21,39.77,43.39
798,typical_day_mean_utci,35.1,39.62,43.19
835,typical_day_mean_utci,35.07,39.6,43.17
875,typical_day_mean_utci,35.15,39.68,43.25
914,typical_day_mean_utci,34.74,39.13,42.58
836,typical_day_mean_utci,35.24,39.81,43.42
876,typical_day_mean_utci,35.12,39.63,43.18
915,typical_day_mean_utci,35.18,39.7,43.29
837,typical_day_mean_utci,35.07,39.57,43.13
877,typical_day_mean_utci,33.89,37.99,41.15
838,typical_day_mean_utci,33.53,37.55,40.61
916,typical_day_mean_utci,34.0,38.18,41.41
680,typical_day_mean_utci,35.17,39.74,43.35
642,typical_day_mean_utci,35.24,39.87,43.55
720,typical_day_mean_utci,35.29,39.87,43.51
681,typical_day_mean_utci,35.11,39.68,43.3
643,typical_day_mean_utci,35.17,39.79,43.47
721,typical_day_mean_utci,35.0,39.52,43.09
682,typical_day_mean_utci,35.23,39.85,43.53
644,typical_day_mean_utci,34.46,38.82,42.22
722,typical_day_mean_utci,33.62,37.7,40.82
683,typical_day_mean_utci,35.0,39.49,43.04
759,typical_day_mean_utci,35.13,39.71,43.34
799,typical_day_mean_utci,34.94,39.42,42.94
760,typical_day_mean_utci,33.32,37.28,40.31
800,typical_day_mean_utci,35.12,39.64,43.2
761,typical_day_mean_utci,33.95,38.12,41.35
839,typical_day_mean_utci,34.6,38.99,42.42
801,typical_day_mean_utci,33.94,38.09,41.29
762,typical_day_mean_utci,34.22,38.45,41.73
840,typical_day_mean_utci,35.0,39.5,43.06
802,typical_day_mean_utci,34.65,39.03,42.46
878,typical_day_mean_utci,32.74,36.5,39.3
917,typical_day_mean_utci,34.27,38.53,41.85
879,typical_day_mean_utci,34.5,38.86,42.28
918,typical_day_mean_utci,34.36,38.7,42.08
880,typical_day_mean_utci,34.68,39.09,42.54
919,typical_day_mean_utci,34.13,38.4,41.72
881,typical_day_mean_utci,34.97,39.45,42.98
920,typical_day_mean_utci,34.59,38.97,42.4
882,typical_day_mean_utci,35.19,39.77,43.41
921,typical_day_mean_utci,35.08,39.61,43.18
645,typical_day_mean_utci,34.37,38.7,42.06
723,typical_day_mean_utci,35.15,39.71,43.33
684,typical_day_mean_utci,34.37,38.72,42.1
646,typical_day_mean_utci,34.03,38.28,41.56
724,typical_day_mean_utci,34.94,39.43,42.96
685,typical_day_mean_utci,33.91,38.13,41.38
725,typical_day_mean_utci,34.21,38.5,41.83
647,typical_day_mean_utci,34.13,38.39,41.67
686,typical_day_mean_utci,34.38,38.7,42.05
648,typical_day_mean_utci,34.95,39.41,42.92
763,typical_day_mean_utci,34.93,39.41,42.94
841,typical_day_mean_utci,35.19,39.76,43.37
803,typical_day_mean_utci,35.25,39.88,43.55
764,typical_day_mean_utci,34.83,39.29,42.79
842,typical_day_mean_utci,35.23,39.86,43.53
804,typical_day_mean_utci,35.25,39.88,43.55
765,typical_day_mean_utci,33.98,38.23,41.5
843,typical_day_mean_utci,35.21,39.81,43.46
805,typical_day_mean_utci,34.28,38.62,41.99
844,typical_day_mean_utci,35.09,39.67,43.3
1026,typical_day_mean_utci,33.98,38.22,41.5
1104,typical_day_mean_utci,34.34,38.66,42.02
1065,typical_day_mean_utci,34.52,38.88,42.29
1027,typical_day_mean_utci,34.48,38.86,42.29
1105,typical_day_mean_utci,34.9,39.35,42.85
1066,typical_day_mean_utci,34.66,39.04,42.47
1028,typical_day_mean_utci,34.76,39.21,42.7
1106,typical_day_mean_utci,34.8,39.22,42.69
1067,typical_day_mean_utci,34.92,39.38,42.89
1107,typical_day_mean_utci,34.84,39.29,42.8
948,typical_day_mean_utci,34.77,39.19,42.65
987,typical_day_mean_utci,34.14,38.41,41.73
949,typical_day_mean_utci,34.11,38.38,41.69
988,typical_day_mean_utci,34.68,39.12,42.61
950,typical_day_mean_utci,33.43,37.49,40.59
989,typical_day_mean_utci,34.05,38.31,41.61
951,typical_day_mean_utci,33.91,38.12,41.37
990,typical_day_mean_utci,33.94,38.17,41.44
952,typical_day_mean_utci,33.84,38.04,41.27
991,typical_day_mean_utci,33.8,37.99,41.21
1144,typical_day_mean_utci,34.73,39.14,42.6
1184,typical_day_mean_utci,34.52,38.88,42.29
1145,typical_day_mean_utci,34.83,39.27,42.76
1185,typical_day_mean_utci,34.66,39.07,42.53
1146,typical_day_mean_utci,34.94,39.44,42.99
1186,typical_day_mean_utci,34.83,39.27,42.76
1147,typical_day_mean_utci,34.84,39.28,42.78
1029,typical_day_mean_utci,34.79,39.23,42.72
1068,typical_day_mean_utci,34.9,39.37,42.88
1030,typical_day_mean_utci,34.86,39.33,42.85
1108,typical_day_mean_utci,34.93,39.41,42.94
1069,typical_day_mean_utci,35.07,39.56,43.11
1031,typical_day_mean_utci,34.92,39.38,42.9
1109,typical_day_mean_utci,35.02,39.51,43.05
1070,typical_day_mean_utci,35.13,39.63,43.19
1032,typical_day_mean_utci,35.09,39.61,43.17
1110,typical_day_mean_utci,35.11,39.63,43.2
1187,typical_day_mean_utci,34.23,38.5,41.82
1148,typical_day_mean_utci,34.7,39.1,42.55
1188,typical_day_mean_utci,33.31,37.33,40.38
1149,typical_day_mean_utci,34.56,38.93,42.35
1189,typical_day_mean_utci,33.83,38.02,41.25
1150,typical_day_mean_utci,33.83,38.03,41.27
953,typical_day_mean_utci,33.85,38.05,41.3
992,typical_day_mean_utci,34.54,38.9,42.3
954,typical_day_mean_utci,34.32,38.62,41.97
993,typical_day_mean_utci,35.04,39.55,43.1
1033,typical_day_mean_utci,33.9,37.98,41.11
955,typical_day_mean_utci,35.08,39.6,43.17
994,typical_day_mean_utci,35.01,39.48,43.02
956,typical_day_mean_utci,34.97,39.46,43.0
1034,typical_day_mean_utci,33.78,37.89,41.05
995,typical_day_mean_utci,34.2,38.49,41.82
1071,typical_day_mean_utci,34.79,39.18,42.62
1111,typical_day_mean_utci,34.51,38.82,42.2
1072,typical_day_mean_utci,34.51,38.81,42.16
1112,typical_day_mean_utci,34.14,38.39,41.69
1073,typical_day_mean_utci,33.78,37.93,41.12
1113,typical_day_mean_utci,34.06,38.32,41.61
1074,typical_day_mean_utci,33.7,37.87,41.07
1152,typical_day_mean_utci,33.78,37.97,41.19
1114,typical_day_mean_utci,33.97,38.17,41.43
1075,typical_day_mean_utci,32.59,36.38,39.22
1190,typical_day_mean_utci,33.83,38.04,41.28
1151,typical_day_mean_utci,33.9,38.12,41.37
1191,typical_day_mean_utci,33.83,38.04,41.27
957,typical_day_mean_utci,34.52,38.88,42.29
1035,typical_day_mean_utci,33.9,38.11,41.37
996,typical_day_mean_utci,33.85,38.07,41.31
958,typical_day_mean_utci,33.99,38.23,41.51
1036,typical_day_mean_utci,33.71,37.88,41.08
997,typical_day_mean_utci,33.82,38.03,41.27
1037,typical_day_mean_utci,33.81,38.02,41.26
959,typical_day_mean_utci,34.23,38.52,41.85
998,typical_day_mean_utci,33.78,37.96,41.18
1038,typical_day_mean_utci,32.02,35.6,38.21
1078,typical_day_mean_utci,31.77,35.28,37.82
726,typical_day_mean_utci,33.94,38.17,41.42
687,typical_day_mean_utci,34.24,38.52,41.83
727,typical_day_mean_utci,34.0,38.24,41.5
649,typical_day_mean_utci,35.21,39.85,43.52
688,typical_day_mean_utci,34.97,39.42,42.92
728,typical_day_mean_utci,34.4,38.71,42.06
650,typical_day_mean_utci,35.26,39.91,43.6
689,typical_day_mean_utci,35.24,39.83,43.47
729,typical_day_mean_utci,35.01,39.56,43.15
651,typical_day_mean_utci,35.26,39.99,43.78
766,typical_day_mean_utci,33.88,38.1,41.34
806,typical_day_mean_utci,34.42,38.76,42.15
845,typical_day_mean_utci,35.09,39.58,43.12
767,typical_day_mean_utci,34.7,39.13,42.6
807,typical_day_mean_utci,35.23,39.8,43.42
768,typical_day_mean_utci,35.2,39.81,43.48
846,typical_day_mean_utci,35.22,39.82,43.46
808,typical_day_mean_utci,35.18,39.72,43.3
847,typical_day_mean_utci,35.23,39.81,43.44
769,typical_day_mean_utci,35.14,39.76,43.43
883,typical_day_mean_utci,35.14,39.68,43.27
922,typical_day_mean_utci,35.18,39.75,43.36
884,typical_day_mean_utci,35.26,39.89,43.56
923,typical_day_mean_utci,35.25,39.86,43.51
885,typical_day_mean_utci,35.2,39.82,43.47
924,typical_day_mean_utci,35.22,39.79,43.41
886,typical_day_mean_utci,35.19,39.77,43.39
925,typical_day_mean_utci,35.22,39.76,43.35
887,typical_day_mean_utci,35.11,39.61,43.15
926,typical_day_mean_utci,34.84,39.28,42.77
690,typical_day_mean_utci,35.24,39.87,43.55
730,typical_day_mean_utci,35.25,39.86,43.51
652,typical_day_mean_utci,35.03,39.6,43.23
691,typical_day_mean_utci,35.19,39.75,43.36
653,typical_day_mean_utci,34.89,39.37,42.89
731,typical_day_mean_utci,35.22,39.79,43.42
692,typical_day_mean_utci,35.1,39.67,43.29
732,typical_day_mean_utci,35.27,39.89,43.56
654,typical_day_mean_utci,34.86,39.3,42.78
693,typical_day_mean_utci,35.08,39.62,43.21
809,typical_day_mean_utci,35.19,39.8,43.46
770,typical_day_mean_utci,35.2,39.84,43.53
848,typical_day_mean_utci,35.3,39.87,43.49
810,typical_day_mean_utci,35.28,39.93,43.63
771,typical_day_mean_utci,35.13,39.73,43.38
849,typical_day_mean_utci,35.25,39.89,43.58
811,typical_day_mean_utci,35.32,39.97,43.67
772,typical_day_mean_utci,35.24,39.86,43.53
850,typical_day_mean_utci,35.08,39.63,43.22
812,typical_day_mean_utci,35.26,39.86,43.51
888,typical_day_mean_utci,35.04,39.51,43.03
927,typical_day_mean_utci,34.55,38.91,42.32
889,typical_day_mean_utci,35.12,39.66,43.25
928,typical_day_mean_utci,34.28,38.58,41.91
890,typical_day_mean_utci,33.76,37.92,41.11
929,typical_day_mean_utci,33.96,38.18,41.44
891,typical_day_mean_utci,33.91,38.13,41.38
852,typical_day_mean_utci,34.87,39.31,42.8
930,typical_day_mean_utci,34.2,38.5,41.84
892,typical_day_mean_utci,34.19,38.47,41.79
655,typical_day_mean_utci,34.07,38.33,41.63
733,typical_day_mean_utci,35.15,39.75,43.4
694,typical_day_mean_utci,34.79,39.27,42.8
656,typical_day_mean_utci,34.03,38.29,41.57
734,typical_day_mean_utci,34.83,39.29,42.8
695,typical_day_mean_utci,34.83,39.3,42.82
735,typical_day_mean_utci,34.58,38.99,42.44
657,typical_day_mean_utci,34.25,38.54,41.87
696,typical_day_mean_utci,33.85,38.07,41.3
736,typical_day_mean_utci,33.31,37.33,40.38
851,typical_day_mean_utci,34.54,38.92,42.33
773,typical_day_mean_utci,35.04,39.6,43.2
813,typical_day_mean_utci,34.76,39.21,42.69
774,typical_day_mean_utci,34.65,39.06,42.5
814,typical_day_mean_utci,33.96,38.2,41.47
775,typical_day_mean_utci,33.63,37.77,40.93
815,typical_day_mean_utci,33.87,38.09,41.34
776,typical_day_mean_utci,33.85,38.06,41.3
658,typical_day_mean_utci,33.97,38.21,41.47
697,typical_day_mean_utci,32.78,36.63,39.51
737,typical_day_mean_utci,31.78,35.29,37.83
853,typical_day_mean_utci,34.14,38.42,41.74
931,typical_day_mean_utci,34.2,38.49,41.82
893,typical_day_mean_utci,34.15,38.43,41.75
854,typical_day_mean_utci,33.99,38.22,41.49
960,typical_day_mean_utci,34.19,38.46,41.78
999,typical_day_mean_utci,33.94,38.13,41.37
1039,typical_day_mean_utci,32.88,36.75,39.65
961,typical_day_mean_utci,34.59,38.96,42.39
1000,typical_day_mean_utci,34.54,38.9,42.31
1040,typical_day_mean_utci,33.63,37.76,40.93
962,typical_day_mean_utci,34.81,39.23,42.7
1001,typical_day_mean_utci,34.48,38.83,42.22
1041,typical_day_mean_utci,33.59,37.69,40.84
963,typical_day_mean_utci,35.16,39.7,43.3
1079,typical_day_mean_utci,33.82,38.03,41.26
1080,typical_day_mean_utci,33.5,37.59,40.72
1081,typical_day_mean_utci,32.71,36.53,39.38
1002,typical_day_mean_utci,34.03,38.28,41.56
1042,typical_day_mean_utci,32.83,36.7,39.6
964,typical_day_mean_utci,34.49,38.84,42.24
1003,typical_day_mean_utci,34.16,38.44,41.77
965,typical_day_mean_utci,34.73,39.14,42.59
1043,typical_day_mean_utci,33.92,38.13,41.38
1004,typical_day_mean_utci,34.48,38.81,42.19
966,typical_day_mean_utci,34.75,39.15,42.6
1044,typical_day_mean_utci,33.33,37.35,40.39
1005,typical_day_mean_utci,34.84,39.3,42.79
1082,typical_day_mean_utci,33.89,38.12,41.37
1083,typical_day_mean_utci,33.84,38.0,41.2
1084,typical_day_mean_utci,34.02,38.28,41.57
1085,typical_day_mean_utci,33.88,38.1,41.34
1045,typical_day_mean_utci,34.08,38.35,41.65
967,typical_day_mean_utci,34.66,39.07,42.52
1006,typical_day_mean_utci,34.88,39.34,42.85
968,typical_day_mean_utci,34.74,39.16,42.61
1046,typical_day_mean_utci,34.19,38.49,41.82
1007,typical_day_mean_utci,34.31,38.64,42.0
969,typical_day_mean_utci,34.68,39.06,42.49
1047,typical_day_mean_utci,34.08,38.34,41.63
1008,typical_day_mean_utci,34.17,38.44,41.75
1048,typical_day_mean_utci,34.25,38.56,41.9
970,typical_day_mean_utci,34.05,38.3,41.59
1009,typical_day_mean_utci,34.06,38.33,41.63
971,typical_day_mean_utci,34.1,38.37,41.68
